title,price,rating,reviews,availability
PlayStation®4 Console – Call of Duty® Modern Warfare II Bundle,,4.4 out of 5 stars,104 ratings,Not Available
Final Fantasy VII Remake - PlayStation 4 Deluxe Edition,,4.8 out of 5 stars,"6,857 ratings",Not Available
"PS4 Controller Charger Dock Station, OIVO 1.8Hrs PS4 Controller Charging Dock, Charging Station Replacement for PlayStation 4 Dualshock 4 Charger",,4.7 out of 5 stars,"38,956 ratings",Not Available
$250 PlayStation Store Gift Card [Digital Code],,4.7 out of 5 stars,"251,105 ratings",Not Available
"FASIGO PS4 Controller 2 Pack, Wireless PS4 Controller for PS4 / Pro/Slim & PC, with 2 USB C Cable - Black",,4.3 out of 5 stars,189 ratings,Not Available
Grand Theft Auto V: Premium Edition (PS4),,4.6 out of 5 stars,"12,253 ratings",Not Available
"Wireless Controller for PS4, Custom Design V2 Gamepad Joystick for PS4 with Non-Slip Grip of Both Sides and 3.5mm Audio Jack! Thumb Caps Included! (Galaxy)",,4.2 out of 5 stars,"2,822 ratings",Not Available
"OIVO PS4 Stand Cooling Fan Station for Playstation 4/PS4 Slim/PS4 Pro, PS4 Pro Vertical Stand with Dual Controller EXT Port Charger Dock Station and 12 Game Slots",,4.5 out of 5 stars,"45,812 ratings",Not Available
PowerA USB Charging Cable for PlayStation 4,,4.7 out of 5 stars,"33,823 ratings",Not Available
Among Us: Ejected Edition (PS4) - PlayStation 4,,4.4 out of 5 stars,60 ratings,Not Available
"PS4 Controller Wireless 2 Pack, Compatible with PlayStation 4 & PC Windows - Black & White",,4.2 out of 5 stars,88 ratings,Not Available
EA SPORTS FC 25 - PlayStation 4,,Previous page of related Sponsored Products,,Not Available
"Playstation Sony 4, 500GB Slim System [CUH-2215AB01], Black, 3003347",,4.4 out of 5 stars,355 ratings,Not Available
PlayStation 4 Slim 1TB Console - Black (Renewed),,4.0 out of 5 stars,"1,680 ratings",Not Available
Sony PlayStation 2 Console - Black (Renewed),,4.1 out of 5 stars,"1,473 ratings",Not Available
PlayStation 4 500GB Console (Renewed),,4.0 out of 5 stars,"1,280 ratings",Not Available
PlayStation 2 Slim Console PS2 (Renewed),,3.9 out of 5 stars,"1,284 ratings",Not Available
"Sony PlayStation 4 Pro w/ Accessories, 1TB HDD, CUH-7215B - Jet Black (Renewed)",,4.0 out of 5 stars,994 ratings,Not Available
Xbox 360 250GB Slim Console - (Renewed),,3.9 out of 5 stars,822 ratings,Not Available
"Playstation SONY 4, 500GB Slim System [CUH-2215AB01], Black, 3003347 (Renewed)",,4.3 out of 5 stars,458 ratings,Not Available
"BRENDEZ Replacement set of cables,- HDMI Cable with Ethernet Male to Male + USB Cable + POWER Cord Compatible with Sony PlayStation 4 Pro and PlayStation 4 PS4 Gaming Console. (10-FEET)",,4.4 out of 5 stars,40 ratings,In Stock
"Dliaonew Wireless Controller for PS4, 2 Pack Remote Control Compatible with PS4/Slim/Pro with Dual Vibration/Audio/Six-axis Motion Sensor/Game Joystick - Camo Red + Camo Green",,4.2 out of 5 stars,323 ratings,In Stock
